iso3	pt	en	zh	pop	pop.y	pib	pib.y	adm0	landkm2	x0	x1	y0	y1
PAZ	Açores	Azores	亚速尔群岛	235374	0	4492	2016	PRT	2607.94	-31.284901	-25.012196	36.934312	39.728339
GEA	Adjara	Adjara	阿扎尔	376016	2013	2844.74	2013	GEO	2955.72	41.520763	42.586648	41.421814	41.902615
AFG	Afeganistão	Afghanistan	阿富汗	34124811	2017	64080	2016	AFG	642181.62	60.486778	74.892307	29.386605	38.473673
ZAF	África do Sul	South Africa	南非	54841552	2017	739100	2016	ZAF	1219826.73	16.469981	37.977794	-46.965753	-22.126452
WSB	Akrotiri	Akrotiri		7850	2017	314	2016	WSB	98.68	32.760102	33.030284	34.568549	34.700948
ALA	Åland	Åland Islands	奥兰群岛	27153	2017	1563	2016	FIN	942.05	19.513194	21.09669	59.904486	60.48078
ALB	Albânia	Albania	阿尔巴尼亚	3047987	2017	33900	2016	ALB	28335.85	19.272033	21.036679	39.637013	42.654814
DEU	Alemanha	Germany	德国	80594017	2017	3979000	2016	DEU	357673.82	5.85249	15.022059	47.271121	55.065334
AND	Andorra	Andorra	安道尔	85702	2017	3327	2015	AND	452.25	1.406456	1.765091	42.428677	42.649362
AGO	Angola	Angola	安哥拉	29310273	2017	189000	2016	AGO	1244654.31	11.669394	24.061714	-18.031405	-4.391204
AIA	Anguilla	Anguilla	安圭拉	17087	2017	175.4	2009	AIA	80.67	-63.428822	-62.972646	18.169094	18.601264
ACA	Antígua	Antigua	安地卡島	93361	2017	2139.6	2016	ATG	281.94	-61.894154	-61.667592	16.989244	17.168769
ATG	Antígua e Barbuda	Antigua and Barbuda	安提瓜和巴布达										
SAU	Arábia Saudita	Saudi Arabia	沙特阿拉伯	28571770	2017	1731000	2016	SAU	1921725.38	34.572765	55.637565	16.370958	32.121348
DZA	Argélia	Algeria	阿尔及利亚	40969443	2017	609400	2016	DZA	2308857.82	-8.682385	11.968861	18.975561	37.09394
ARG	Argentina	Argentina	阿根廷	44293293	2017	879400	2016	ARG	2784305.92	-73.588036	-53.661552	-55.052016	-21.786938
ARM	Arménia	Armenia	亞美尼亞	3045191	2017	26300	2016	ARM	29588.31	43.436294	46.602612	38.863701	41.290452
ABW	Aruba	Aruba	阿魯巴	115120	2017	2516	2009	ABW	169.77	-70.062408	-69.87682	12.41767	12.632148
JQI	Atol Johnston	Johnston Atoll	约翰斯顿环礁	231	2013	0	2016	UMI	2.46	-169.549509	-169.512766	16.721015	16.7626
MQI	Atol Midway	Midway Atoll	中途島	0	2017	0	2016	UMI	3.51	-177.389597	-177.321156	28.197659	28.215318
LQI	Atol Palmyra	Palmyra Atoll	帕邁拉環礁	0	2017	0	2016	UMI	7.05	-162.103627	-162.057607	5.869371	5.890245
AUS	Austrália	Australia	澳大利亚	23232413	2017	1189000	2016	AUS	7691175.09	112.919444	159.106456	-54.750421	-9.240167
AUT	Áustria	Austria	奥地利	8754413	2017	416600	2016	AUT	83993.2	9.521155	17.148338	46.378643	49.009774
AZE	Azerbaijão	Azerbaijan	阿塞拜疆	9961396	2017	167900	2016	AZE	86249.8	44.774559	50.625743	38.392645	41.890442
BHS	Bahamas	The Bahamas	巴哈马	329988	2017	9066	2016	BHS	12592.7	-79.59435	-72.746165	20.912399	26.928412
BHR	Bahrein	Bahrain	巴林	1410942	2017	66370	2016	BHR	584.94	50.448904	50.64566	25.789537	26.24258
KAB	Baikonur	Baikonur	拜科努爾	70000	2013	1155	2013	KAB	6501.49	62.800642	63.967134	45.565824	46.390839
BGD	Bangladesh	Bangladesh	孟加拉国	157826578	2017	628400	2016	BGD	136903.68	88.02179	92.642851	20.738715	26.623544
BRB	Barbados	Barbados	巴巴多斯	292336	2017	4804	2016	BRB	444.22	-59.654205	-59.42691	13.051174	13.34455
ACB	Barbuda	Barbuda	巴布達島	1370	2013	31.4	2013	ATG	169.54	-61.87385	-61.727773	17.545559	17.727688
USG	Base Naval da Baía de Guantánamo	Guantanamo Bay Naval Base		7000	1999	280	1999	USG	65.35	-75.232859	-75.09495	19.891142	19.971584
BEL	Bélgica	Belgium	比利時										
BLZ	Belize	Belize	伯利兹	360346	2017	3088	2016	BLZ	22299.42	-89.236512	-87.78307	15.879652	18.490759
BEN	Benim	Benin	贝宁	11038805	2017	24310	2016	BEN	116113.31	0.759881	3.837419	6.213894	12.399244
BMU	Bermudas	Bermuda	百慕大	70864	2017	5198	2013	BMU	62.3	-64.885994	-64.647631	32.248077	32.388658
BLR	Bielorrússia	Belarus	白罗斯	9549747	2017	165400	2016	BLR	207499.13	23.165645	32.719532	51.235168	56.156806
BOL	Bolívia	Bolivia	玻利維亞	11138234	2017	78350	2016	BOL	1086810.65	-69.666492	-57.465661	-22.897258	-9.679821
BIH	Bósnia e Herzegovina	Bosnia and Herzegovina	波斯尼亚和黑塞哥维那										
BWA	Botsuana	Botswana	波札那	2214858	2017	35900	2016	BWA	579029.2	19.978346	29.350074	-26.891794	-17.781808
PNB	Bougainville	Bougainville	布干维尔省	175160	0	710.3	2016	PNG	9403.81	154.134532	155.96754	-6.876642	-3.206315
BFR	Brabante Flamengo	Flemish Brabant	弗拉芒-布拉班特省	6251983	2017	276708.97	2016	BEL	13518.17	2.5218	5.910158	50.688726	51.496238
BWR	Brabante Valão	Walloon Brabant	瓦隆-布拉班特省	3456775	2017	152994.76	2016	BEL	16987.13	2.842193	6.374525	49.495223	50.811613
BRA	Brasil	Brazil	巴西	207353391	2017	3081000	2016	BRA	8472669.68	-74.018475	-28.877065	-33.74228	5.267225
BRN	Brunei	Brunei	文莱	443593	2017	33730	2016	BRN	5716.69	113.99879	115.360741	4.016681	5.057196
BGR	Bulgária	Bulgaria	保加利亚	7101510	2017	143100	2016	BGR	112760.69	22.345023	28.603526	41.238104	44.228435
BFA	Burkina Faso	Burkina Faso	布吉納法索	20107509	2017	32990	2016	BFA	272769.4	-5.522578	2.390169	9.391883	15.079908
BDI	Burundi	Burundi	蒲隆地	11466756	2017	7892	2016	BDI	27041.27	28.986892	30.833962	-4.463344	-2.303062
BTN	Butão	Bhutan	不丹	758288	2017	6432	2016	BTN	40365.36	88.730067	92.088776	26.696149	28.358399
CPV	Cabo Verde	Cape Verde	佛得角	560899	2017	3583	2016	CPV	3883.14	-25.360422	-22.666575	14.803941	17.196601
CMR	Camarões	Cameroon	喀麦隆	24994885	2017	77240	2016	CMR	464319.28	8.505056	16.207723	1.654551	13.081141
KHM	Camboja	Cambodia	柬埔寨	16204486	2017	58940	2016	KHM	181059.61	102.313424	107.610516	10.415774	14.704582
CAN	Canadá	Canada	加拿大	35623680	2017	1674000	2016	CAN	9945527.76	-141.005564	-52.616607	41.669086	83.116523
QAT	Catar	Qatar	卡塔尔	2314307	2017	334500	2016	QAT	11150.11	50.750987	51.616547	24.559872	26.160102
KAZ	Cazaquistão	Kazakhstan	哈萨克斯坦	18556698	2017	460700	2016	KAZ	2714263.37	46.478279	87.323796	40.584656	55.43455
TCD	Chade	Chad	乍得	12075985	2017	30590	2016	TCD	1266282.34	13.449184	23.984406	7.455567	23.44472
CHL	Chile	Chile	智利	17789267	2017	436100	2016	CHL	736592.75	-109.453725	-66.420806	-55.918504	-17.506588
CHN	China	People's Republic of China	中华人民共和国	1379302771	2017	21140000	2016	CHN	9374585.83	73.602256	134.772579	18.169338	53.569444
CYP	Chipre	Cyprus	賽普勒斯	1221549	2017	29260	2016	CYP	5395.02	32.271739	34.099132	34.625019	35.187082
WEB	Cisjordânia	West Bank	約旦河西岸地區	2747943	2017	21220	2014	PSE	5945.62	34.867153	35.572536	31.34491	32.54264
BLM	Coletividade de São Bartolomeu	Saint-Barthélemy	聖巴泰勒米島	7184	2017	255	2016	BLM	24.42	-62.86734	-62.791656	17.881985	17.929145
COL	Colômbia	Colombia	哥伦比亚	47698524	2017	688000	2016	COL	1135117.88	-81.723704	-66.875061	-4.236484	13.578355
COM	Comores	Comoros	葛摩	808080	2017	1259	2016	COM	1672.23	43.213227	44.529063	-12.380304	-11.361261
COG	Congo	Republic of the Congo	刚果共和国	4954674	2017	30270	2016	COG	344888.68	11.114016	18.642407	-5.019631	3.708276
PRK	Coreia do Norte	North Korea	朝鲜民主主义人民共和国	25248140	2013	40000	2016	PRK	121237.31	124.211316	130.699962	37.675605	43.01027
KOR	Coreia do Sul	South Korea	大韩民国	51181299	2017	1929000	2016	KOR	97446.75	124.613617	131.862522	33.197577	38.578074
CIV	Costa do Marfim	Ivory Coast	科特迪瓦	24184810	2017	87120	2016	CIV	320677.16	-8.61872	-2.506328	4.344062	10.726478
CRI	Costa Rica	Costa Rica	哥斯达黎加	4930258	2017	79260	2016	CRI	51144.34	-87.117665	-82.562837	5.515082	11.209937
HRV	Croácia	Croatia	克罗地亚	4292095	2017	94240	2016	HRV	55077.44	13.501475	19.407838	42.416327	46.546979
CUB	Cuba	Cuba	古巴	11147407	2017	132900	2016	CUB	109929.18	-84.949615	-74.132883	19.827826	23.26557
CUW	Curaçao	Curaçao	库拉索	149648	2017	3128	2012	CUW	463.25	-69.171742	-68.739735	12.041327	12.391506
IRK	Curdistão iraquiano	Iraqi Kurdistan	伊拉克庫德斯坦	4690939	2013	71419.56	2013	IRQ	38248.3	42.357238	46.327074	34.512803	37.375498
ESB	Dekelia	Dhekelia Cantonment		7850	2013	314	2013	ESB	127.42	33.674099	33.921474	34.937893	35.118994
DNK	Dinamarca	Denmark	丹麦	5605948	2017	264800	2016	DNK	42696.43	8.094005	15.151378	54.56859	57.751166
BHB	Distrito de Brčko	Brčko District	布爾奇科特區	92935.5	2017	1024.99	2016	BIH	153.53	18.748038	18.975409	44.7448	44.892233
DJI	Djibouti	Djibouti	吉布提	865267	2017	3345	2016	DJI	21847.61	41.74911	43.418712	10.929825	12.707913
DMA	Dominica	Dominica	多米尼克	73897	2017	812	2016	DMA	730.31	-61.488922	-61.249257	15.201809	15.633857
EGY	Egito	Egypt	埃及	97041072	2017	1105000	2016	EGY	1001078.55	24.688343	36.899181	21.994369	31.65648
SLV	El Salvador	El Salvador	萨尔瓦多	6172011	2017	54790	2016	SLV	20539.23	-90.114779	-87.693194	13.158637	14.445373
ARE	Emirados Árabes Unidos	United Arab Emirates	阿拉伯联合酋长国	6072475	2017	667200	2016	ARE	71084.64	51.569347	56.383637	22.620946	26.074792
ECU	Equador	Ecuador	厄瓜多尔	16290913	2017	182400	2016	ECU	255014.21	-92.011586	-75.227264	-5.011373	1.664374
ERI	Eritreia	Eritrea	厄立特里亚	5918919	2017	9169	2016	ERI	122537.74	36.423647	43.123871	12.360022	18.004828
SCT	Escócia	Scotland	蘇格蘭	5390179.96	2017	231605.83	2016	GBR	78302.34	-13.691314	-0.754791	54.632961	60.847886
SVK	Eslováquia	Slovakia	斯洛伐克	5445829	2017	168800	2016	SVK	48457.79	16.84448	22.539637	47.750006	49.60178
SVN	Eslovénia	Slovenia	斯洛文尼亚	1972126	2017	68350	2016	SVN	20327.28	13.365261	16.515302	45.423637	46.863962
ESP	Espanha	Spain	西班牙	48958159	2017	1690000	2016	ESP	506884.12	-18.167226	4.337087	27.642239	43.793443
USA	Estados Unidos	United States of America	美国	326625791	2017	18560000	2016	USA	9464330.07	172.476085	-66.891916	18.906117	71.412502
EST	Estónia	Estonia	爱沙尼亚	1251581	2017	38700	2016	EST	45819.04	21.832367	28.186475	57.515819	59.670885
SWZ	eSwatini	eSwatini	斯威士兰	1467152	2017	11060	2016	SWZ	17111.85	30.782906	32.117398	-27.316264	-25.735999
ETH	Etiópia	Ethiopia	埃塞俄比亚	105350020	2017	174700	2016	ETH	1127375.98	32.9898	47.979169	3.403333	14.879532
GAZ	Faixa de Gaza	Gaza Strip	加沙地带	1795183	2017	0.77	2016	PSE	333.29	34.200269	34.530429	31.211449	31.583141
BHF	Federação da Bósnia e Herzegovina	Federation of Bosnia and Herzegovina	波士尼亞與赫塞哥維納聯邦	2325003.96	2017	25642.58	2016	BIH	28814.18	15.716074	19.057069	42.574393	45.218533
FJI	Fiji	Fiji	斐濟	920938	2017	8374	2016	FJI	18930.08	174.588878	-178.216135	-21.711114	-12.475274
PHL	Filipinas	Philippines	菲律宾	104256076	2017	801900	2016	PHL	293237.49	116.954926	126.617686	4.655707	21.122382
FIN	Finlândia	Finland	芬兰	5491218	2017	224137	2016	FIN	333059.06	20.623165	31.569525	59.811225	70.07531
FRA	França	France	法国	64874402.21	2017	2679203.12	2016	FRA	547842.75	-5.132802	9.559581	41.365912	51.087541
GAB	Gabão	Gabon	加蓬	1772255	2017	35980	2016	GAB	259968.48	8.695567	14.498991	-3.936856	2.322495
GMB	Gâmbia	The Gambia	冈比亚	2051363	2017	3387	2016	GMB	10500.9	-16.829701	-13.818713	13.065009	13.819984
GHA	Gana	Ghana	迦納	27499924	2017	120800	2016	GHA	238668.68	-3.262509	1.187968	4.737128	11.162937
GEO	Geórgia	Georgia	格鲁吉亚	4550314	2017	34425.26	2016	GEO	66615	39.985976	46.694803	41.044111	43.575843
GIB	Gibraltar	Gibraltar	直布罗陀	29396	2017	2044	2014	GIB	3.69	-5.358387	-5.338773	36.1105	36.14112
KAS	Glaciar de Siachen	Siachen Glacier	锡亚琴冰川	6000	2013	15	2013	KAS	2085.85	76.777351	77.800346	35.110442	35.647799
GRD	Granada	Grenada	格林纳达	111724	2017	1511	2016	GRD	347.26	-61.790517	-61.42162	12.002834	12.529731
GRC	Grécia	Greece	希腊	10768477	2017	290500	2016	GRC	131353.44	19.626475	28.239757	34.815009	41.750476
GRL	Gronelândia	Greenland	格陵兰	57713	2017	2173	2015	GRL	2154380.79	-73.05724	-11.37682	59.792629	83.634101
GLP	Guadalupe	Guadeloupe	瓜德罗普	481238.05	2017	4219.28	2016	FRA	1657.29	-61.797841	-60.989247	15.846991	16.513088
GUM	Guam	Guam	關島	167358	2017	4882	2013	GUM	564.2	144.624197	144.952159	13.241034	13.65412
GTM	Guatemala	Guatemala	危地马拉	15460732	2017	131800	2016	GTM	108811.25	-92.246257	-88.220937	13.731404	17.81602
GGY	Guernsey	Guernsey	根西岛	66502	2017	3465	2015	GGY	73.98	-2.673451	-2.170318	49.411566	49.731391
GUY	Guiana	Guyana	圭亚那	737718	2017	6093	2016	GUY	211213.7	-61.396713	-56.481819	1.18582	8.55801
GUF	Guiana Francesa	French Guiana	法屬圭亞那	212050.38	2017	1862.83	2016	FRA	83183.7	-54.615292	-51.649037	2.110673	5.744765
GIN	Guiné	Guinea	几内亚	12413867	2017	16080	2016	GIN	244301.98	-15.081125	-7.662447	7.190208	12.673388
GNQ	Guiné Equatorial	Equatorial Guinea	赤道几内亚	778358	2017	31770	2016	GNQ	26671.69	5.61199	11.336341	-1.475681	3.772406
GNB	Guiné-Bissau	Guinea-Bissau	幾內亞比索	1792338	2017	2851	2016	GNB	32829.63	-16.728437	-13.660712	10.927639	12.679434
HTI	Haiti	Haiti	海地	10646714	2017	19340	2016	HTI	26891.57	-74.489166	-71.639111	18.025946	20.089789
NLD	Holanda	Holland	荷蘭										
HND	Honduras	Honduras	洪都拉斯	9038741	2017	43190	2016	HND	112236.73	-89.363791	-83.130444	12.979777	17.418647
HKG	Hong Kong	Hong Kong	香港	7191503	2017	427400	2016	HKG	1036.2	113.837332	114.401296	22.177069	22.563946
HUN	Hungria	Hungary	匈牙利	9850845	2017	267600	2016	HUN	93200.95	16.094035	22.877601	45.741343	48.569233
YEM	Iémen	Yemen	也门	28036829	2017	73450	2016	YEM	453075.76	42.545746	54.540294	12.111444	18.995638
BJN	Ilha Baixo Novo	Bajo Nuevo Bank	巴霍努埃沃礁	0	2017	0	2016	BJN	0.04	-79.989288	-79.986399	15.794176	15.79621
FQI	Ilha Baker	Baker Island	貝克島	0	2017	0	2016	UMI	0.71	-176.485829	-176.459177	0.190334	0.225898
BVT	Ilha Bouvet	Bouvet Island	布韦岛	0	2017	0	2016	NOR	55.21	3.345551	3.486664	-54.462498	-54.380141
CXR	Ilha Christmas	Christmas Island	圣诞岛	2205	2016	33.08	2016	AUS	98.72	105.581798	105.714692	-10.566013	-10.430841
CLP	Ilha de Clipperton	Clipperton Island	克利珀頓島	0	2017	0	2016	CLP	5	-109.234242	-109.210357	10.281562	10.311021
IMN	Ilha de Man	Isle of Man	马恩岛	88815	2017	7428	2014	IMN	574.82	-4.790151	-4.31192	54.056952	54.419013
BQI	Ilha de Navassa	Navassa Island	納弗沙島	0	2017	0	2016	UMI	4.83	-75.030832	-75.002634	18.395006	18.417263
HMD	Ilha Heard e Ilhas McDonald	Heard Island and McDonald Islands	赫德島和麥克唐納群島	0	2017	0	2016	HMD	394.86	73.236013	73.812185	-53.19256	-52.961602
HQI	Ilha Howland	Howland Island	豪蘭島	0	2017	0	2016	UMI	0.48	-176.640492	-176.636098	0.790188	0.806952
DQI	Ilha Jarvis	Jarvis Island	賈維斯島	0	2017	0	2016	UMI	2.34	-160.029978	-160.008901	-0.388767	-0.372491
NFK	Ilha Norfolk	Norfolk Island	诺福克岛	2210	2014	33.15	2016	NFK	41.15	167.91212	167.996349	-29.080011	-28.997491
SER	Ilha Serranilla	Serranilla Bank	塞拉纳浅滩	0	0	0	0	SER	0.11	-78.640411	-78.636871	15.862087	15.867296
WQI	Ilha Wake	Wake Island	威克島	68	2017	0	2016	UMI	3.92	166.619395	166.652354	19.27558	19.305732
ATC	Ilhas Ashmore e Cartier	Ashmore and Cartier Islands	阿什莫尔和卡捷岛	0	2017	0	2016	ATC	2.7	123.575043	123.597748	-12.438572	-12.426609
CYM	Ilhas Cayman	Cayman Islands	開曼群島	58441	2017	2507	2014	CYM	309.2	-81.416542	-79.726643	19.263864	19.757631
CCK	Ilhas Cocos	Cocos	科科斯（基林）群島	596	2014	8.94	2016	AUS	13.21	96.821544	96.921072	-12.199965	-12.12656
COK	Ilhas Cook	Cook Islands	库克群岛	9290	2017	244.1	2010	COK	191.13	-165.824534	-157.312815	-21.938897	-8.94671
CSI	Ilhas do Mar de Coral	Coral Sea Islands	珊瑚海群岛	4	2017	0	2016	CSI	0.02	154.38852	154.391287	-21.030043	-21.028741
FRO	Ilhas Feroe	Faroe Islands	法罗群岛	50730	2017	2001	2014	FRO	1328.52	-7.644154	-6.275787	61.39411	62.398912
SGS	Ilhas Geórgia do Sul e Sandwich do Sul	South Georgia and the South Sandwich Islands	南喬治亞島與南桑威奇群島	30	2017	0.3	2016	SGS	3921.48	-38.087026	-26.239329	-59.472752	-53.972426
FLK	Ilhas Malvinas	Falkland Islands	福克兰群岛	2931	2014	281.8	2012	FLK	11597.22	-61.318186	-57.734283	-52.406523	-51.027765
MHL	Ilhas Marshall	Marshall Islands	馬紹爾群島	74539	2017	180	2016	MHL	164.82	165.282237	172.029796	4.573798	14.6105
UMI	Ilhas Menores Distantes dos Estados Unidos	United States Minor Outlying Islands	美国本土外小岛屿										
PFA	Ilhas Paracel	Paracel Islands	西沙群岛	100	2017	0	2016	CHN	5.39	111.192882	112.736827	15.775377	16.933254
PCN	Ilhas Pitcairn	Pitcairn Islands	皮特凯恩群岛	54	2016	0	2016	PCN	42.57	-130.753082	-124.778066	-25.077081	-23.924412
SLB	Ilhas Salomão	Solomon Islands	索羅門群島	647581	2017	1198	2016	SLB	27198.79	155.507986	168.825857	-12.290623	-6.599867
PGA	Ilhas Spratly	Spratly Islands	南沙群岛	100	2017	0.4	2016	PGA	11.98	114.02768	115.848806	9.679511	11.117987
VIR	Ilhas Virgens Americanas	United States Virgin Islands	美屬維爾京群島	107268	2017	3792	2013	VIR	354.75	-65.041493	-64.559397	17.682766	18.386599
VGB	Ilhas Virgens Britânicas	British Virgin Islands	英屬維爾京群島	35015	2017	500	2010	VGB	144.94	-64.773997	-64.270741	18.334662	18.746243
IND	Índia	India	印度	1281935911	2017	8721000	2016	IND	3151452.49	68.143403	97.362253	6.745551	35.495406
IDN	Indonésia	Indonesia	印度尼西亚	260580739	2017	3028000	2016	IDN	1879827.37	95.012706	140.977627	-10.922621	5.910102
ENG	Inglaterra	England	英格兰	54378779.48	2017	2392030.25	2016	GBR	130434.58	-6.348948	1.771169	49.909613	55.805487
IRN	Irão	Iran	伊朗	82021564	2017	1459000	2016	IRN	1622510.19	44.014863	63.319628	25.059408	39.771527
IRQ	Iraque	Iraq	伊拉克	34501172	2017	525280.44	2016	IRQ	399118.68	38.774511	48.559255	29.063137	37.062001
NIR	Irlanda do Norte	Northern Ireland	北爱尔兰	1857554.41	2017	100541.01	2016	GBR	14251.28	-8.173837	-5.430776	54.034573	55.311347
ISL	Islândia	Iceland	冰岛	339747	2017	16150	2016	ISL	102390.07	-24.539906	-13.502919	63.396715	66.564154
ISR	Israel	Israel	以色列	8299706	2017	297000	2016	ISR	21900.93	34.248351	35.888073	29.489691	33.406722
ITA	Itália	Italy	意大利	62137802	2017	2221000	2016	ITA	301185.07	6.602728	18.517426	35.489244	47.085215
JAM	Jamaica	Jamaica	牙买加	2990561	2017	25390	2016	JAM	11032.9	-78.374664	-76.187978	17.703192	18.525092
NJM	Jan Mayen	Jan Mayen	揚馬延島	20	2017	0	2016	NOR	458.42	-9.117421	-7.938466	70.806708	71.180365
JPN	Japão	Japan	日本	126451398	2017	4932000	2016	JPN	373508.03	122.938162	153.985606	24.212104	45.520413
JEY	Jersey	Jersey	澤西島	98840	2017	5080	2015	JEY	119.05	-2.242014	-2.00829	49.171332	49.267035
JOR	Jordânia	Jordan	约旦	10248069	2017	86190	2016	JOR	88863.05	34.949385	39.291999	29.189951	33.371685
KIR	Kiribati	Kiribati	吉里巴斯	108145	2017	211	2016	KIR	949.86	169.522146	-151.780955	-11.461114	4.72309
KOS	Kosovo	Kosovo	科索沃	1895250	2017	18490	2016	KOS	10913.07	20.024751	21.772758	41.84401	43.263071
KWT	Kuwait	Kuwait	科威特	2875422	2017	301100	2016	KWT	17474.02	46.532436	48.432781	28.533505	30.098216
LAO	Laos	Laos	老挝	7126706	2017	40960	2016	LAO	228113.97	100.097073	107.664363	13.915457	22.496044
LSO	Lesoto	Lesotho	莱索托	1958042	2017	6019	2016	LSO	30106.52	27.002155	29.435908	-30.658799	-28.570761
LVA	Letónia	Latvia	拉脫維亞	1944643	2017	50650	2016	LVA	64576.4	20.968598	28.217275	55.666991	58.075138
LBN	Líbano	Lebanon	黎巴嫩	6229794	2017	85160	2016	LBN	10000.01	35.09962	36.604101	33.05558	34.687548
LBR	Libéria	Liberia	利比里亚	4689021	2017	3881	2016	LBR	95298.15	-11.476186	-7.384118	4.347235	8.565396
LBY	Líbia	Libya	利比亚	6653210	2017	90890	2016	LBY	1623760.9	9.286544	25.156261	19.496124	33.181225
LIE	Liechtenstein	Liechtenstein	列支敦斯登	38244	2017	4978	2014	LIE	137.25	9.475886	9.615723	47.0524	47.262801
CNM	Linha Verde	United Nations Buffer Zone in Cyprus	賽普勒斯聯合國緩衝區	10000	2013	280	2013	CNM	341	32.584809	34.021961	34.977763	35.199403
LTU	Lituânia	Lithuania	立陶宛	2823859	2017	85620	2016	LTU	64939.3	20.924569	26.80072	53.886841	56.442602
LUX	Luxemburgo	Luxembourg	卢森堡	594130	2017	58740	2016	LUX	2608.47	5.714927	6.502579	49.441324	50.174975
MAC	Macau	Macau	澳門	601969	2017	63220	2016	MAC	30.08	113.519867	113.587494	22.105373	22.220771
MDG	Madagáscar	Madagascar	马达加斯加	25054161	2017	36860	2016	MDG	592983.88	43.222911	50.503917	-25.598565	-11.943617
MYS	Malásia	Malaysia	马来西亚	31381992	2017	863000	2016	MYS	327884.89	99.645228	119.278087	0.85137	7.35578
MWI	Malawi	Malawi	马拉维	19196246	2017	21200	2016	MWI	119397.77	32.663308	35.904299	-17.135335	-9.381235
MDV	Maldivas	Maldives	马尔代夫	392709	2017	5407	2016	MDV	108.74	72.684825	73.753184	-0.688572	7.107245
MLI	Mali	Mali	马里共和国	17885245	2017	38090	2016	MLI	1252723.66	-12.26413	4.235638	10.140054	24.995065
MLT	Malta	Malta	马耳他	416338	2017	16320	2016	MLT	325.69	14.183604	14.567149	35.801215	36.075588
MNP	Marianas Setentrionais	Northern Mariana Islands	北马里亚纳群岛	52263	2017	682	2013	MNP	579.3	144.90211	145.868907	14.110663	20.555406
MAR	Marrocos	Morocco	摩洛哥	33986655	2017	282800	2016	MAR	591745.25	-17.013743	-1.031999	21.419971	35.926519
MTQ	Martinica	Martinique	馬提尼克	463546.73	2017	7346.81	2016	FRA	1097.46	-61.228831	-60.810414	14.408108	14.876899
MUS	Maurícia	Mauritius	毛里求斯	1356388	2017	25850	2016	MUS	2014.44	56.524181	63.493907	-20.517348	-10.323907
MRT	Mauritânia	Mauritania	毛里塔尼亚	3758571	2017	16710	2016	MRT	1036391.82	-17.081175	-4.821613	14.734399	27.285416
MYT	Mayotte	Mayotte	马约特	237831.14	2017	1145.8	2016	FRA	394.9	45.042491	45.290863	-12.98919	-12.647231
MEX	México	Mexico	墨西哥	124574795	2017	2307000	2016	MEX	1957847.06	-118.368804	-86.700592	14.546279	32.712836
MMR	Mianmar	Myanmar	缅甸	55123814	2017	311100	2016	MMR	663159.3	92.174973	101.173855	9.790717	28.538466
FSM	Micronésia	Federated States of Micronesia	密克罗尼西亚联邦	104196	2017	314	2016	FSM	633.85	138.063813	163.04656	0.918158	9.77558
MOZ	Moçambique	Mozambique	莫桑比克	26573706	2017	35010	2016	MOZ	788448.54	30.213845	40.847992	-26.860272	-10.469008
MDA	Moldávia	Moldova	摩尔多瓦	3474121	2017	18540	2016	MDA	33206.48	26.617889	30.131576	45.461774	48.486034
MCO	Mónaco	Monaco	摩纳哥	30645	2017	7672	2015	MCO	18.84	7.36575	7.437454	43.717969	43.763506
MNG	Mongólia	Mongolia	蒙古国	3068243	2017	37000	2016	MNG	1564648.99	87.735709	119.907027	41.586145	52.129584
MNE	Montenegro	Montenegro	蒙特內哥羅	642550	2017	10610	2016	MNE	13727.5	18.433531	20.355171	41.852362	43.547886
MSR	Montserrat	Montserrat	蒙塞拉特島	5292	2017	43.8	2006	MSR	99.6	-62.230133	-62.140533	16.67536	16.819322
NAM	Namíbia	Namibia	纳米比亚	2484780	2017	25990	2016	NAM	822713.05	11.717621	25.259781	-28.959368	-16.951057
NRU	Nauru	Nauru	諾魯	9642	2017	150.8	2015	NRU	28.77	166.906993	166.958263	-0.551853	-0.490411
NPL	Nepal	Nepal	尼泊尔	29384297	2017	71520	2016	NPL	147105.49	80.030288	88.169067	26.343768	30.416904
NIC	Nicarágua	Nicaragua	尼加拉瓜	6025951	2017	33550	2016	NIC	128691.43	-87.685821	-82.725697	10.713482	15.03097
NER	Níger	Niger	尼日尔	19245344	2017	20150	2016	NER	1181300.89	0.152941	15.970322	11.695773	23.517351
NGA	Nigéria	Nigeria	奈及利亞	190632261	2017	1089000	2016	NGA	907501.08	2.671082	14.669936	4.272162	13.880291
NIU	Niue	Niue	紐埃	1626	2015	10	2003	NIU	220.57	-169.950429	-169.782908	-19.142755	-18.964044
NOR	Noruega	Norway	挪威	5317358	2017	364699	2016	NOR	319472.01	4.643809	31.076996	57.99315	71.165269
NCL	Nova Caledónia	New Caledonia	新喀里多尼亞	279070	2017	10770	2016	NCL	18841.03	163.615733	171.343765	-22.670668	-19.623712
NZL	Nova Zelândia	New Zealand	新西兰	4510327	2017	174800	2016	NZL	268490.34	165.886485	-176.113881	-52.600313	-29.221938
OMN	Omã	Oman	阿曼	3424386	2017	173100	2016	OMN	311213.45	51.978615	59.844574	16.642401	26.385972
WLS	País de Gales	Wales	威爾斯	3142938.15	2017	63815.07	2016	GBR	20795.01	-5.310943	-2.647043	51.384223	53.426947
NLX	Países Baixos	Netherlands	尼德蘭	17063586	2017	869722.86	2016	NLD	37102.5	3.349415	7.198506	50.74755	53.558092
BES	Países Baixos Caribenhos	Caribbean Netherlands	荷蘭加勒比區	21133	0	1077.14	2013	NLD	295.23	-68.417388	-62.945065	12.02204	17.646918
PLW	Palau	Palau	帛琉	21431	2017	276	2016	PLW	491.93	131.131114	134.727343	2.949042	8.096618
PSE	Palestina	Palestine	巴勒斯坦										
PAN	Panamá	Panama	巴拿马	3753142	2017	93120	2016	PAN	74530.31	-83.053246	-77.16327	7.205715	9.629292
PNG	Papua-Nova Guiné	Papua New Guinea	巴布亚新几内亚	6734541	2017	27309.7	2016	PNG	455743.56	140.849211	154.302257	-11.636326	-1.346368
PAK	Paquistão	Pakistan	巴基斯坦	204924861	2017	988200	2016	PAK	872939.29	60.844379	77.048971	23.694525	37.054484
PRY	Paraguai	Paraguay	巴拉圭	6943739	2017	64670	2016	PRY	399901.05	-62.650357	-54.245289	-27.586842	-19.286729
PER	Peru	Peru	秘鲁	31036656	2017	410400	2016	PER	1289866.4	-81.337558	-68.684252	-18.337746	-0.029093
PYF	Polinésia Francesa	French Polynesia	法屬玻里尼西亞	287881	2017	5490	2016	PYF	3336.55	-154.536977	-134.942983	-27.641209	-7.950128
POL	Polónia	Poland	波兰	38476269	2017	1052000	2016	POL	313430.77	14.123923	24.143156	48.994013	54.838324
PRI	Porto Rico	Puerto Rico	波多黎各	3351827	2017	131000	2016	PRI	9005.98	-67.937815	-65.244618	17.922919	18.522773
PRT	Portugal	Portugal	葡萄牙	10336355	2017	286194	2016	PRT	87971.79	-9.497467	-6.205947	36.965888	42.15363
SOP	Puntlândia	Puntland	邦特兰	3900000	0	2443.65	2012	SOM	138513.2	46.466963	51.417038	5.99872	11.989119
KEN	Quénia	Kenya	肯尼亚	47615739	2017	152700	2016	KEN	585702.58	33.890468	41.885019	-4.677504	5.030376
KGZ	Quirguistão	Kyrgyzstan	吉尔吉斯斯坦	5789122	2017	21010	2016	KGZ	198990.46	69.226296	80.257561	39.189237	43.261702
SCR	Recife de Scarborough	Scarborough Shoal	黄岩岛	0	2012	0	2016	SCR	0.1	117.751856	117.755692	15.150082	15.154369
KQI	Recife Kingman	Kingman Reef	金曼礁	0	2017	0	2016	UMI	2.71	-162.400177	-162.385284	6.430243	6.445136
PMD	Região Autónoma da Madeira	Madeira	馬德拉	267785	0	6414	2016	PRT	811.32	-17.252105	-15.85497	30.029242	33.110785
BCR	Região de Bruxelas-Capital	Brussels-Capital Region	布鲁塞尔-首都大区	1080790	2017	47835.11	2016	BEL	164.53	4.24557	4.479746	50.764639	50.914811
GBR	Reino Unido da Grã-Bretanha e Irlanda do Norte	United Kingdom of Great Britain and Northern Ireland	大不列颠及北爱尔兰联合王国										
CAF	República Centro-Africana	Central African Republic	中非共和國	5625118	2017	3206	2016	CAF	617984.24	14.387266	27.441301	2.236454	11.000828
CZE	República Checa	Czech Republic	捷克	10674723	2017	350900	2016	CZE	78758.86	12.076141	18.837434	48.557916	51.040012
IRL	República da Irlanda	Ireland	爱尔兰共和国	5011102	2017	322000	2016	IRL	69445.01	-10.478179	-5.99352	51.445705	55.386379
MKD	República da Macedónia	Republic of Macedonia	馬其頓共和國	2103721	2017	29520	2016	MKD	25385.27	20.444157	23.009582	40.849394	42.370335
COD	República Democrática do Congo	Democratic Republic of the Congo	刚果民主共和国	83301151	2017	66010	2016	COD	2325240.42	12.210541	31.280447	-13.458351	5.37528
DOM	República Dominicana	Dominican Republic	多明尼加	10734247	2017	161900	2016	DOM	48439.79	-72.009838	-68.328603	17.545559	19.93769
BIS	República Sérvia	Republika Srpska	塞族共和國	1438241.54	2017	15862.43	2016	BIH	22858.83	16.263079	19.618885	42.559212	45.284524
CYN	República Turca de Chipre do Norte	Turkish Republic of Northern Cyprus	北賽普勒斯土耳其共和國	265100	2013	3600	2013	CYN	3319.51	32.601899	34.59254	35.002722	35.691962
REU	Reunião	Réunion	留尼汪	837092.49	2017	5222.16	2016	FRA	2582.43	55.225434	55.854503	-21.370782	-20.861423
ROU	Roménia	Romania	羅馬尼亞	21529967	2017	441000	2016	ROU	236376.66	20.242826	29.699555	43.65005	48.274832
RWA	Ruanda	Rwanda	卢旺达	11901484	2017	21970	2016	RWA	25305.05	28.857236	30.887809	-2.826855	-1.058694
RUS	Rússia	Russia	俄罗斯	142257519	2017	3745000	2016	RUS	16980199.62	19.609548	-168.994618	41.192681	81.85871
ESH	Saara Ocidental	Western Sahara	西撒哈拉	603253	2017	906.5	2007	ESH	90494.89	-17.104644	-8.680809	20.766913	27.661465
SPM	Saint-Pierre e Miquelon	Saint Pierre and Miquelon	圣皮埃尔和密克隆群岛	5533	2017	215.3	2016	SPM	242.75	-56.396596	-56.144765	46.752753	47.141262
WSM	Samoa	Samoa	萨摩亚	200108	2017	1046	2016	WSM	2780.41	-172.782582	-171.437693	-14.05283	-13.462823
ASM	Samoa Americana	American Samoa	美屬薩摩亞	51504	2017	711	2013	ASM	180.31	-171.086537	-168.160471	-14.532892	-11.051365
SMR	San Marino	San Marino	圣马力诺	33537	2017	2023	2016	SMR	60.32	12.385629	12.492392	43.892056	43.982567
SHN	Santa Helena	Saint Helena	圣赫勒拿岛	7828	2017	31.1	2010	SHN	366.66	-14.417714	-5.65038	-40.397882	-7.877862
LCA	Santa Lúcia	Saint Lucia	圣卢西亚	164994	2017	2083	2016	LCA	605.13	-61.078521	-60.882965	13.714667	14.111884
KNA	São Cristóvão e Nevis	Saint Kitts and Nevis	聖克里斯多福與尼維斯	52715	2017	1427	2016	KNA	264.13	-62.861073	-62.536773	17.100531	17.415839
MAF	São Martinho	Saint Martin	法屬聖馬丁	32125	2017	561.5	2016	MAF	68.28	-63.14684	-63.010732	18.033391	18.122138
SXM	São Martinho	Sint Maarten	荷屬聖馬丁	42083	2017	365.8	2014	SXM	23.36	-63.118886	-63.017569	18.01911	18.06212
STP	São Tomé e Príncipe	São Tomé and Príncipe	圣多美和普林西比	201025	2017	694	2016	STP	1037.16	6.461681	7.462738	0.024115	1.699774
VCT	São Vicente e Granadinas	Saint Vincent and the Grenadines	圣文森特和格林纳丁斯	102089	2017	1241	2016	VCT	367.73	-61.459828	-61.123931	12.58515	13.380764
SEN	Senegal	Senegal	塞内加尔	14668522	2017	39720	2016	SEN	196224.3	-17.536041	-11.377776	12.305607	16.691385
SLE	Serra Leoa	Sierra Leone	塞拉利昂	6163195	2017	10640	2016	SLE	71611.71	-13.301096	-10.282236	6.91942	9.996006
SRB	Sérvia	Serbia	塞尔维亚	5162603.42	2017	73906.8	2016	SRB	56483.37	19.107185	22.984571	42.234945	45.082066
SYC	Seychelles	Seychelles	塞舌尔	93920	2017	2608	2016	SYC	435.67	46.207367	56.287446	-9.755548	-3.791111
SGP	Singapura	Singapore	新加坡	5888926	2017	487900	2016	SGP	510.5	103.640391	104.003429	1.264309	1.448635
SYR	Síria	Syria	叙利亚	17944549	2017	98830	2015	SYR	185674.07	35.723399	42.377186	32.313042	37.324906
SOM	Somália	Somalia	索马里	3631386	2012	2275.35	2012	SOM	333301.81	40.965385	48.951491	-1.696303	6.538292
SOL	Somalilândia	Somaliland	索马里兰	3500000	2013	12250	2013	SOL	167406.96	42.647247	48.939112	7.996516	11.498928
LKA	Sri Lanka	Sri Lanka	斯里蘭卡	22409381	2017	236700	2016	LKA	66291.18	79.655772	81.89031	5.923733	9.829576
SDN	Sudão	Sudan	苏丹共和国	37345935	2017	176300	2016	SDN	1857637.07	21.809449	38.603852	8.681642	22.226965
SSD	Sudão do Sul	South Sudan	南苏丹	13026129	2017	20880	2016	SSD	626861.83	24.121556	35.920835	3.490202	12.216155
SWE	Suécia	Sweden	瑞典	9960487	2017	498100	2016	SWE	446178.44	11.108165	24.163414	55.342678	69.036356
CHE	Suíça	Switzerland	瑞士	8236303	2017	496300	2016	CHE	41435.8	5.954809	10.466627	45.820718	47.801166
SUR	Suriname	Suriname	蘇利南	591919	2017	8547	2016	SUR	145123.53	-58.067691	-53.986357	1.833507	6.011574
SJM	Svalbard	Svalbard	斯瓦尔巴群岛	2667	2016	1	2016	NOR	62080.92	10.484386	33.640391	74.347357	80.770087
THA	Tailândia	Thailand	泰国	68414135	2017	1161000	2016	THA	514453.68	97.351401	105.650998	5.62989	20.445006
TWN	Taiwan	Taiwan	中華民國	23508428	2017	1127000	2016	TWN	36197.77	118.279552	122.005382	21.904608	25.287421
TJK	Tajiquistão	Tajikistan	塔吉克斯坦	8468555	2017	25810	2016	TJK	142238.26	67.34269	75.164125	36.678641	41.039977
TZA	Tanzânia	Tanzania	坦桑尼亚	53950935	2017	150600	2016	TZA	939006.87	29.321032	40.449392	-11.731272	-0.98583
ATF	Terras Austrais e Antárticas Francesas	French Southern and Antarctic Lands	法属南部领地	140	2017	16	2016	ATF	7279.99	39.728282	77.585216	-49.721612	-11.550632
IOT	Território Britânico do Oceano Índico	British Indian Ocean Territory	英屬印度洋領地	4000	2013	160	2013	IOT	49.06	71.260997	72.49464	-7.432224	-5.226983
TLS	Timor-Leste	East Timor	东帝汶	1291358	2017	4975	2016	TLS	15082.24	124.03004	127.313243	-9.501228	-8.135024
TGO	Togo	Togo	多哥	7965055	2017	11610	2016	TGO	56863.48	-0.166109	1.782351	6.100491	11.13498
TKL	Tokelau	Tokelau	托克劳群岛	1285	2016	1.5	1993	NZL	4.23	-172.502553	-171.185658	-9.361749	-8.543227
TON	Tonga	Tonga	東加	106479	2017	557	2016	TON	603.11	-176.219309	-173.914255	-22.3388	-15.559503
TTO	Trinidad e Tobago	Trinidad and Tobago	千里達及托巴哥	1218208	2017	43570	2016	TTO	5122.93	-61.9287	-60.522084	10.04206	11.35106
TUN	Tunísia	Tunisia	突尼西亞	11403800	2017	130800	2016	TUN	156611.69	7.479832	11.564131	30.228905	37.345201
TCA	Turks e Caicos	Turks and Caicos Islands	特克斯和凯科斯群岛	52570	2017	632	2007	TCA	445.22	-72.481313	-71.128896	21.290107	21.959215
TKM	Turquemenistão	Turkmenistan	土库曼斯坦	5351277	2017	94720	2016	TKM	470850.4	52.437671	66.645782	35.140647	42.791188
TUR	Turquia	Turkey	土耳其	80845215	2017	1670000	2016	TUR	780079.65	25.663259	44.806993	35.819779	42.098782
TUV	Tuvalu	Tuvalu	吐瓦魯	11052	2017	39	2016	TUV	23.02	176.125255	179.906749	-9.420668	-5.677504
UKR	Ucrânia	Ukraine	乌克兰	44033874	2017	352600	2016	UKR	571998.58	22.13284	40.159543	45.213568	52.368949
UGA	Uganda	Uganda	乌干达	39570125	2017	84930	2016	UGA	241853.63	29.54846	35.006473	-1.475206	4.219692
SYU	UNDOF	United Nations Disengagement Observer Force Zone	聯合國脫離接觸觀察員部隊	84000	2013	234.27	2013	SYR	264.98	35.75759	35.923833	32.744347	33.431242
URY	Uruguai	Uruguay	乌拉圭	3360148	2017	73250	2016	URY	177345.13	-58.439361	-53.110836	-34.973403	-30.09687
UZB	Usbequistão	Uzbekistan	乌兹别克斯坦	29748859	2017	202300	2016	UZB	447830.16	55.975839	73.148641	37.185147	45.558719
VUT	Vanuatu	Vanuatu	萬那杜	282814	2017	723	2016	VUT	12296.6	166.520518	169.898936	-20.253106	-13.064874
VAT	Vaticano	Vatican City	梵蒂冈	1000	2015	0	0	VAT	0.01	12.452714	12.454035	41.902752	41.903915
VEN	Venezuela	Venezuela	委內瑞拉	31304016	2017	468600	2016	VEN	912684.4	-73.391149	-59.815595	0.649315	15.702948
VNM	Vietname	Vietnam	越南	96160163	2017	594900	2016	VNM	328892.12	102.118655	109.472423	8.565579	23.366275
SRV	Voivodina	Vojvodina	伏伊伏丁那	1948420.58	2017	27893.2	2016	SRB	21090.23	18.844978	21.539078	44.631783	46.173875
WLF	Wallis e Futuna	Wallis and Futuna	瓦利斯和富圖納	15714	2017	60	2016	WLF	139.33	-178.18574	-176.1256	-14.319431	-13.208917
ZMB	Zâmbia	Zambia	赞比亚	15972000	2017	65170	2016	ZMB	751914.94	21.979878	33.674203	-18.069232	-8.194124
TZZ	Zanzibar	Zanzibar	桑給巴爾	1070000	0	235.4	0	TZA	2499.12	39.177013	39.878184	-6.462823	-4.890313
ZWE	Zimbábue	Zimbabwe	辛巴威	13805084	2017	28330	2016	ZWE	389337.48	25.21937	33.042768	-22.39734	-15.614808
KNX	Zona Desmilitarizada da Coreia	Korean Demilitarized Zone	朝韩非军事区	218	0	218	2013	KOR	1097.68	126.660516	128.394784	37.782183	38.624335
KNZ	Zona Desmilitarizada da Coreia	Korean Demilitarized Zone	朝韩非军事区	0	2017	0	2016	PRK	1142.09	126.607083	128.364919	37.787706	38.675362
